MORA	Moravian Reeves Library	Bookstacks
MORA	Moravian Reeves Library	Alumni Collection
MORA	Moravian Reeves Library	Archives
MORA	Moravian Reeves Library	Ask Library Staff for Assistance
MORA	Moravian Reeves Library	Best Sellers
MORA	Moravian Reeves Library	Bindery
MORA	Moravian Reeves Library	Bookstacks
MORA	Moravian Reeves Library	Bound Journals
MORA	Moravian Reeves Library	Children's Collection
MORA	Moravian Reeves Library	Circulation Desk
MORA	Moravian Reeves Library	Committee for the Advancement of Teaching Display
MORA	Moravian Reeves Library	Educational Curriculum Materials
MORA	Moravian Reeves Library	Educational Department Films
MORA	Moravian Reeves Library	EZ-Borrow
MORA	Moravian Reeves Library	Faculty owned Reserves, 2 hours
MORA	Moravian Reeves Library	Faculty owned Reserves, 24 hours
MORA	Moravian Reeves Library	Faculty owned Reserves, 3 days
MORA	Moravian Reeves Library	Faculty Publications
MORA	Moravian Reeves Library	Female Seminary
MORA	Moravian Reeves Library	Films
MORA	Moravian Reeves Library	GRAD
MORA	Moravian Reeves Library	Groenfeldt Collection
MORA	Moravian Reeves Library	ILL
MORA	Moravian Reeves Library	In Processing
MORA	Moravian Reeves Library	Media Center Equipment
MORA	Moravian Reeves Library	Men's Seminary Collection
MORA	Moravian Reeves Library	Mending
MORA	Moravian Reeves Library	Microfilm
MORA	Moravian Reeves Library	New Books
MORA	Moravian Reeves Library	Newspapers
MORA	Moravian Reeves Library	Periodicals
MORA	Moravian Reeves Library	Rare Books Room
MORA	Moravian Reeves Library	Rare Books Room,  Oversized
MORA	Moravian Reeves Library	Rare Books Teaching Collection
MORA	Moravian Reeves Library	Reference
MORA	Moravian Reeves Library	Reference in the General Collection
MORA	Moravian Reeves Library	Reserves Photocopy,
MORA	Moravian Reeves Library	2 hours
MORA	Moravian Reeves Library	Reserves Photocopy, 24 hours
MORA	Moravian Reeves Library	Reserves Photocopy, 3 days
MORA	Moravian Reeves Library	Reserves, 2 hours
MORA	Moravian Reeves Library	Reserves, 24 hours
MORA	Moravian Reeves Library	Reserves, 3 days
MORA	Moravian Reeves Library	Staff Collection
MORA	Moravian Reeves Library	Streaming
MORA	Moravian Reeves Library	Theses/Seminary/College/Graduate
MORA	Moravian Reeves Library	Young Adult Collection
MORM	Music Library	CD Collection
MORM	Music Library	Chamber Music
MORM	Music Library	Chamber Music, Oversized
MORM	Music Library	Computer Equipment
MORM	Music Library	Dance
MORM	Music Library	Ed Curriculum
MORM	Music Library	Films
MORM	Music Library	General Collection
MORM	Music Library	In Processing
MORM	Music Library	Instruments
MORM	Music Library	Miniature Scores
MORM	Music Library	Oversized Scores
MORM	Music Library	Photography Equipment
MORM	Music Library	Reserves
